# SL651 点位目录: 设备类型\t标识符\t中文名\t类型(t=遥测,a=属性)\t单位
# 运行时键一律使用规约源码标识符不翻译; 本表供物模型 Excel (兰溪水亭模板) 生成用
雨量计	DT	时段长	t	h.min
雨量计	P1	1小时时段降水量	t	mm
雨量计	P2	2小时时段降水量	t	mm
雨量计	P3	3小时时段降水量	t	mm
雨量计	P6	6小时时段降水量	t	mm
雨量计	P12	12小时时段降水量	t	mm
雨量计	PD	日降水量	t	mm
雨量计	PJ	当前降水量	t	mm
雨量计	PN01	1分钟时段降水量	t	mm
雨量计	PN05	5分钟时段降水量	t	mm
雨量计	PN10	10分钟时段降水量	t	mm
雨量计	PN30	30分钟时段降水量	t	mm
雨量计	PR	暴雨量	t	mm
雨量计	PT	累计降水量	t	mm
雨量计	DRP	5分钟时段雨量(小时报)	t	mm
水位计	Z	瞬时河道水位	t	m
水位计	ZB	闸站下水位	t	m
水位计	ZU	闸站上水位	t	m
水位计	Z1	取排水口水位1	t	m
水位计	Z2	取排水口水位2	t	m
水位计	Z3	取排水口水位3	t	m
水位计	Z4	取排水口水位4	t	m
水位计	Z5	取排水口水位5	t	m
水位计	Z6	取排水口水位6	t	m
水位计	Z7	取排水口水位7	t	m
水位计	Z8	取排水口水位8	t	m
水位计	DRZ1	5分钟相对水位1(小时报)	t	m
水位计	DRZ2	5分钟相对水位2(小时报)	t	m
水位计	DRZ3	5分钟相对水位3(小时报)	t	m
水位计	DRZ4	5分钟相对水位4(小时报)	t	m
水位计	DRZ5	5分钟相对水位5(小时报)	t	m
水位计	DRZ6	5分钟相对水位6(小时报)	t	m
水位计	DRZ7	5分钟相对水位7(小时报)	t	m
水位计	DRZ8	5分钟相对水位8(小时报)	t	m
流量计	AC	断面面积	t	m2
流量计	Q	瞬时流量	t	m3/s
流量计	Q1	取排水口流量1	t	m3/s
流量计	Q2	取排水口流量2	t	m3/s
流量计	Q3	取排水口流量3	t	m3/s
流量计	Q4	取排水口流量4	t	m3/s
流量计	Q5	取排水口流量5	t	m3/s
流量计	Q6	取排水口流量6	t	m3/s
流量计	Q7	取排水口流量7	t	m3/s
流量计	Q8	取排水口流量8	t	m3/s
流量计	QA	总出库流量	t	m3/s
流量计	QZ	输水设备流量	t	m3/s
流量计	VA	断面平均流速	t	m/s
流量计	VJ	瞬时流速	t	m/s
蒸发器	ED	日蒸发量	t	mm
蒸发器	EJ	当前蒸发量	t	mm
气象站	AI	瞬时气温	t	℃
气象站	FL	气压	t	hPa
气象站	GTP	地温	t	℃
气象站	HW	波浪高度	t	m
气象站	MST	湿度	t	%
气象站	UC	风向	t	
气象站	UE	风力级	t	级
气象站	US	风速	t	m/s
墒情仪	M10	10cm土壤含水量	t	%
墒情仪	M20	20cm土壤含水量	t	%
墒情仪	M30	30cm土壤含水量	t	%
墒情仪	M40	40cm土壤含水量	t	%
墒情仪	M50	50cm土壤含水量	t	%
墒情仪	M60	60cm土壤含水量	t	%
墒情仪	M80	80cm土壤含水量	t	%
墒情仪	M100	100cm土壤含水量	t	%
地下水监测仪	H	地下水瞬时埋深	t	m
水质仪	C	瞬时水温	t	℃
水质仪	SW	输沙量	t	万吨
水质仪	SQ	含沙量	t	kg/m3
水质仪	pH	pH值	t	
水质仪	DO	溶解氧	t	mg/L
水质仪	COND	电导率	t	uS/cm
水质仪	TURB	浊度	t	度
水质仪	CODMN	高锰酸盐指数	t	mg/L
水质仪	REDOX	氧化还原电位	t	mV
水质仪	NH4N	氨氮	t	mg/L
水质仪	TP	总磷	t	mg/L
水质仪	TN	总氮	t	mg/L
水质仪	TOC	总有机碳	t	mg/L
水质仪	CU	铜	t	mg/L
水质仪	ZN	锌	t	mg/L
水质仪	SE	硒	t	mg/L
水质仪	AS	砷	t	mg/L
水质仪	THG	总汞	t	mg/L
水质仪	CD	镉	t	mg/L
水质仪	PB	铅	t	mg/L
水质仪	CHLA	叶绿素a	t	mg/L
闸门	GH	闸门开启高度	t	m
闸门	GN	输水设备编号	t	
闸门	GS	输水设备类别	t	
闸门	GT	闸门开启孔数	t	孔
水泵	NS	开机台数	t	台
水泵	VTA	A相电压	t	V
水泵	VTB	B相电压	t	V
水泵	VTC	C相电压	t	V
水泵	VIA	A相电流	t	A
水泵	VIB	B相电流	t	A
水泵	VIC	C相电流	t	A
水表	SYL1	水表1剩余水量	t	m3
水表	SYL2	水表2剩余水量	t	m3
水表	SYL3	水表3剩余水量	t	m3
水表	SYL4	水表4剩余水量	t	m3
水表	SYL5	水表5剩余水量	t	m3
水表	SYL6	水表6剩余水量	t	m3
水表	SYL7	水表7剩余水量	t	m3
水表	SYL8	水表8剩余水量	t	m3
水表	SBL1	水表1每小时水量	t	m3/h
水表	SBL2	水表2每小时水量	t	m3/h
水表	SBL3	水表3每小时水量	t	m3/h
水表	SBL4	水表4每小时水量	t	m3/h
水表	SBL5	水表5每小时水量	t	m3/h
水表	SBL6	水表6每小时水量	t	m3/h
水表	SBL7	水表7每小时水量	t	m3/h
水表	SBL8	水表8每小时水量	t	m3/h
水压计	WP1	水压1	t	kPa
水压计	WP2	水压2	t	kPa
水压计	WP3	水压3	t	kPa
水压计	WP4	水压4	t	kPa
水压计	WP5	水压5	t	kPa
水压计	WP6	水压6	t	kPa
水压计	WP7	水压7	t	kPa
水压计	WP8	水压8	t	kPa
遥测终端	VT	电源电压	t	V
遥测终端	ZT	遥测站状态字	a	
遥测终端	RGZS	人工置数	a	
遥测终端	PIC_size	图片大小	a	B
遥测终端	PIC_file	图片文件名	a	
遥测终端	ZT_交流停电	交流停电	a	
遥测终端	ZT_蓄电池电压低	蓄电池电压低	a	
遥测终端	ZT_水位超限报警	水位超限报警	a	
遥测终端	ZT_流量超限报警	流量超限报警	a	
遥测终端	ZT_水质超限报警	水质超限报警	a	
遥测终端	ZT_流量仪表故障	流量仪表故障	a	
遥测终端	ZT_水位仪表故障	水位仪表故障	a	
遥测终端	ZT_箱门关闭	箱门关闭	a	
遥测终端	ZT_存储器异常	存储器异常	a	
遥测终端	ZT_IC卡有效	IC卡有效	a	
遥测终端	ZT_水泵停机	水泵停机	a	
遥测终端	ZT_剩余水量报警	剩余水量报警	a	
遥测终端	7A	信号强度	t	
遥测终端	FFA0	设备温度	t	℃
